"id","pokemon","height","weight","base_experience","type_1","type_2","attack","defense","hp","special_attack","special_defense","speed"
1,"bulbasaur",7,69,64,"grass","poison",49,49,45,65,65,45
2,"ivysaur",10,130,142,"grass","poison",62,63,60,80,80,60
3,"venusaur",20,1000,236,"grass","poison",82,83,80,100,100,80
4,"charmander",6,85,62,"fire",NA,52,43,39,60,50,65
5,"charmeleon",11,190,142,"fire",NA,64,58,58,80,65,80
6,"charizard",17,905,240,"fire","flying",84,78,78,109,85,100
7,"squirtle",5,90,63,"water",NA,48,65,44,50,64,43
8,"wartortle",10,225,142,"water",NA,63,80,59,65,80,58
9,"blastoise",16,855,239,"water",NA,83,100,79,85,105,78
10,"caterpie",3,29,39,"bug",NA,30,35,45,20,20,45
11,"metapod",7,99,72,"bug",NA,20,55,50,25,25,30
12,"butterfree",11,320,178,"bug","flying",45,50,60,90,80,70
13,"weedle",3,32,39,"bug","poison",35,30,40,20,20,50
14,"kakuna",6,100,72,"bug","poison",25,50,45,25,25,35
15,"beedrill",10,295,178,"bug","poison",90,40,65,45,80,75
16,"pidgey",3,18,50,"normal","flying",45,40,40,35,35,56
17,"pidgeotto",11,300,122,"normal","flying",60,55,63,50,50,71
18,"pidgeot",15,395,216,"normal","flying",80,75,83,70,70,101
19,"rattata",3,35,51,"normal",NA,56,35,30,25,35,72
20,"raticate",7,185,145,"normal",NA,81,60,55,50,70,97
21,"spearow",3,20,52,"normal","flying",60,30,40,31,31,70
22,"fearow",12,380,155,"normal","flying",90,65,65,61,61,100
23,"ekans",20,69,58,"poison",NA,60,44,35,40,54,55
24,"arbok",35,650,153,"poison",NA,85,69,60,65,79,80
25,"pikachu",4,60,112,"electric",NA,55,40,35,50,50,90
26,"raichu",8,300,218,"electric",NA,90,55,60,90,80,110
27,"sandshrew",6,120,60,"ground",NA,75,85,50,20,30,40
28,"sandslash",10,295,158,"ground",NA,100,110,75,45,55,65
29,"nidoran-f",4,70,55,"poison",NA,47,52,55,40,40,41
30,"nidorina",8,200,128,"poison",NA,62,67,70,55,55,56
31,"nidoqueen",13,600,227,"poison","ground",92,87,90,75,85,76
32,"nidoran-m",5,90,55,"poison",NA,57,40,46,40,40,50
33,"nidorino",9,195,128,"poison",NA,72,57,61,55,55,65
34,"nidoking",14,620,227,"poison","ground",102,77,81,85,75,85
35,"clefairy",6,75,113,"fairy",NA,45,48,70,60,65,35
36,"clefable",13,400,217,"fairy",NA,70,73,95,95,90,60
37,"vulpix",6,99,60,"fire",NA,41,40,38,50,65,65
38,"ninetales",11,199,177,"fire",NA,76,75,73,81,100,100
39,"jigglypuff",5,55,95,"normal","fairy",45,20,115,45,25,20
40,"wigglytuff",10,120,196,"normal","fairy",70,45,140,85,50,45
41,"zubat",8,75,49,"poison","flying",45,35,40,30,40,55
42,"golbat",16,550,159,"poison","flying",80,70,75,65,75,90
43,"oddish",5,54,64,"grass","poison",50,55,45,75,65,30
44,"gloom",8,86,138,"grass","poison",65,70,60,85,75,40
45,"vileplume",12,186,221,"grass","poison",80,85,75,110,90,50
46,"paras",3,54,57,"bug","grass",70,55,35,45,55,25
47,"parasect",10,295,142,"bug","grass",95,80,60,60,80,30
48,"venonat",10,300,61,"bug","poison",55,50,60,40,55,45
49,"venomoth",15,125,158,"bug","poison",65,60,70,90,75,90
50,"diglett",2,8,53,"ground",NA,55,25,10,35,45,95
51,"dugtrio",7,333,142,"ground",NA,80,50,35,50,70,120
52,"meowth",4,42,58,"normal",NA,45,35,40,40,40,90
53,"persian",10,320,154,"normal",NA,70,60,65,65,65,115
54,"psyduck",8,196,64,"water",NA,52,48,50,65,50,55
55,"golduck",17,766,175,"water",NA,82,78,80,95,80,85
56,"mankey",5,280,61,"fighting",NA,80,35,40,35,45,70
57,"primeape",10,320,159,"fighting",NA,105,60,65,60,70,95
58,"growlithe",7,190,70,"fire",NA,70,45,55,70,50,60
59,"arcanine",19,1550,194,"fire",NA,110,80,90,100,80,95
60,"poliwag",6,124,60,"water",NA,50,40,40,40,40,90
61,"poliwhirl",10,200,135,"water",NA,65,65,65,50,50,90
62,"poliwrath",13,540,230,"water","fighting",95,95,90,70,90,70
63,"abra",9,195,62,"psychic",NA,20,15,25,105,55,90
64,"kadabra",13,565,140,"psychic",NA,35,30,40,120,70,105
65,"alakazam",15,480,225,"psychic",NA,50,45,55,135,95,120
66,"machop",8,195,61,"fighting",NA,80,50,70,35,35,35
67,"machoke",15,705,142,"fighting",NA,100,70,80,50,60,45
68,"machamp",16,1300,227,"fighting",NA,130,80,90,65,85,55
69,"bellsprout",7,40,60,"grass","poison",75,35,50,70,30,40
70,"weepinbell",10,64,137,"grass","poison",90,50,65,85,45,55
71,"victreebel",17,155,221,"grass","poison",105,65,80,100,70,70
72,"tentacool",9,455,67,"water","poison",40,35,40,50,100,70
73,"tentacruel",16,550,180,"water","poison",70,65,80,80,120,100
74,"geodude",4,200,60,"rock","ground",80,100,40,30,30,20
75,"graveler",10,1050,137,"rock","ground",95,115,55,45,45,35
76,"golem",14,3000,223,"rock","ground",120,130,80,55,65,45
77,"ponyta",10,300,82,"fire",NA,85,55,50,65,65,90
78,"rapidash",17,950,175,"fire",NA,100,70,65,80,80,105
79,"slowpoke",12,360,63,"water","psychic",65,65,90,40,40,15
80,"slowbro",16,785,172,"water","psychic",75,110,95,100,80,30
81,"magnemite",3,60,65,"electric","steel",35,70,25,95,55,45
82,"magneton",10,600,163,"electric","steel",60,95,50,120,70,70
83,"farfetchd",8,150,123,"normal","flying",65,55,52,58,62,60
84,"doduo",14,392,62,"normal","flying",85,45,35,35,35,75
85,"dodrio",18,852,161,"normal","flying",110,70,60,60,60,100
86,"seel",11,900,65,"water",NA,45,55,65,45,70,45
87,"dewgong",17,1200,166,"water","ice",70,80,90,70,95,70
88,"grimer",9,300,65,"poison",NA,80,50,80,40,50,25
89,"muk",12,300,175,"poison",NA,105,75,105,65,100,50
90,"shellder",3,40,61,"water",NA,65,100,30,45,25,40
91,"cloyster",15,1325,184,"water","ice",95,180,50,85,45,70
92,"gastly",13,1,62,"ghost","poison",35,30,30,100,35,80
93,"haunter",16,1,142,"ghost","poison",50,45,45,115,55,95
94,"gengar",15,405,225,"ghost","poison",65,60,60,130,75,110
95,"onix",88,2100,77,"rock","ground",45,160,35,30,45,70
96,"drowzee",10,324,66,"psychic",NA,48,45,60,43,90,42
97,"hypno",16,756,169,"psychic",NA,73,70,85,73,115,67
98,"krabby",4,65,65,"water",NA,105,90,30,25,25,50
99,"kingler",13,600,166,"water",NA,130,115,55,50,50,75
100,"voltorb",5,104,66,"electric",NA,30,50,40,55,55,100
101,"electrode",12,666,168,"electric",NA,50,70,60,80,80,140
102,"exeggcute",4,25,65,"grass","psychic",40,80,60,60,45,40
103,"exeggutor",20,1200,182,"grass","psychic",95,85,95,125,65,55
104,"cubone",4,65,64,"ground",NA,50,95,50,40,50,35
105,"marowak",10,450,149,"ground",NA,80,110,60,50,80,45
106,"hitmonlee",15,498,159,"fighting",NA,120,53,50,35,110,87
107,"hitmonchan",14,502,159,"fighting",NA,105,79,50,35,110,76
108,"lickitung",12,655,77,"normal",NA,55,75,90,60,75,30
109,"koffing",6,10,68,"poison",NA,65,95,40,60,45,35
110,"weezing",12,95,172,"poison",NA,90,120,65,85,70,60
111,"rhyhorn",10,1150,69,"ground","rock",85,95,80,30,30,25
112,"rhydon",19,1200,170,"ground","rock",130,120,105,45,45,40
113,"chansey",11,346,395,"normal",NA,5,5,250,35,105,50
114,"tangela",10,350,87,"grass",NA,55,115,65,100,40,60
115,"kangaskhan",22,800,172,"normal",NA,95,80,105,40,80,90
116,"horsea",4,80,59,"water",NA,40,70,30,70,25,60
117,"seadra",12,250,154,"water",NA,65,95,55,95,45,85
118,"goldeen",6,150,64,"water",NA,67,60,45,35,50,63
119,"seaking",13,390,158,"water",NA,92,65,80,65,80,68
120,"staryu",8,345,68,"water",NA,45,55,30,70,55,85
121,"starmie",11,800,182,"water","psychic",75,85,60,100,85,115
122,"mr-mime",13,545,161,"psychic","fairy",45,65,40,100,120,90
123,"scyther",15,560,100,"bug","flying",110,80,70,55,80,105
124,"jynx",14,406,159,"ice","psychic",50,35,65,115,95,95
125,"electabuzz",11,300,172,"electric",NA,83,57,65,95,85,105
126,"magmar",13,445,173,"fire",NA,95,57,65,100,85,93
127,"pinsir",15,550,175,"bug",NA,125,100,65,55,70,85
128,"tauros",14,884,172,"normal",NA,100,95,75,40,70,110
129,"magikarp",9,100,40,"water",NA,10,55,20,15,20,80
130,"gyarados",65,2350,189,"water","flying",125,79,95,60,100,81
131,"lapras",25,2200,187,"water","ice",85,80,130,85,95,60
132,"ditto",3,40,101,"normal",NA,48,48,48,48,48,48
133,"eevee",3,65,65,"normal",NA,55,50,55,45,65,55
134,"vaporeon",10,290,184,"water",NA,65,60,130,110,95,65
135,"jolteon",8,245,184,"electric",NA,65,60,65,110,95,130
136,"flareon",9,250,184,"fire",NA,130,60,65,95,110,65
137,"porygon",8,365,79,"normal",NA,60,70,65,85,75,40
138,"omanyte",4,75,71,"rock","water",40,100,35,90,55,35
139,"omastar",10,350,173,"rock","water",60,125,70,115,70,55
140,"kabuto",5,115,71,"rock","water",80,90,30,55,45,55
141,"kabutops",13,405,173,"rock","water",115,105,60,65,70,80
142,"aerodactyl",18,590,180,"rock","flying",105,65,80,60,75,130
143,"snorlax",21,4600,189,"normal",NA,110,65,160,65,110,30
144,"articuno",17,554,261,"ice","flying",85,100,90,95,125,85
145,"zapdos",16,526,261,"electric","flying",90,85,90,125,90,100
146,"moltres",20,600,261,"fire","flying",100,90,90,125,85,90
147,"dratini",18,33,60,"dragon",NA,64,45,41,50,50,50
148,"dragonair",40,165,147,"dragon",NA,84,65,61,70,70,70
149,"dragonite",22,2100,270,"dragon","flying",134,95,91,100,100,80
150,"mewtwo",20,1220,306,"psychic",NA,110,90,106,154,90,130
151,"mew",4,40,270,"psychic",NA,100,100,100,100,100,100
152,"chikorita",9,64,64,"grass",NA,49,65,45,49,65,45
153,"bayleef",12,158,142,"grass",NA,62,80,60,63,80,60
154,"meganium",18,1005,236,"grass",NA,82,100,80,83,100,80
155,"cyndaquil",5,79,62,"fire",NA,52,43,39,60,50,65
156,"quilava",9,190,142,"fire",NA,64,58,58,80,65,80
157,"typhlosion",17,795,240,"fire",NA,84,78,78,109,85,100
158,"totodile",6,95,63,"water",NA,65,64,50,44,48,43
159,"croconaw",11,250,142,"water",NA,80,80,65,59,63,58
160,"feraligatr",23,888,239,"water",NA,105,100,85,79,83,78
161,"sentret",8,60,43,"normal",NA,46,34,35,35,45,20
162,"furret",18,325,145,"normal",NA,76,64,85,45,55,90
163,"hoothoot",7,212,52,"normal","flying",30,30,60,36,56,50
164,"noctowl",16,408,155,"normal","flying",50,50,100,76,96,70
165,"ledyba",10,108,53,"bug","flying",20,30,40,40,80,55
166,"ledian",14,356,137,"bug","flying",35,50,55,55,110,85
167,"spinarak",5,85,50,"bug","poison",60,40,40,40,40,30
168,"ariados",11,335,137,"bug","poison",90,70,70,60,60,40
169,"crobat",18,750,241,"poison","flying",90,80,85,70,80,130
170,"chinchou",5,120,66,"water","electric",38,38,75,56,56,67
171,"lanturn",12,225,161,"water","electric",58,58,125,76,76,67
172,"pichu",3,20,41,"electric",NA,40,15,20,35,35,60
173,"cleffa",3,30,44,"fairy",NA,25,28,50,45,55,15
174,"igglybuff",3,10,42,"normal","fairy",30,15,90,40,20,15
175,"togepi",3,15,49,"fairy",NA,20,65,35,40,65,20
176,"togetic",6,32,142,"fairy","flying",40,85,55,80,105,40
177,"natu",2,20,64,"psychic","flying",50,45,40,70,45,70
178,"xatu",15,150,165,"psychic","flying",75,70,65,95,70,95
179,"mareep",6,78,56,"electric",NA,40,40,55,65,45,35
180,"flaaffy",8,133,128,"electric",NA,55,55,70,80,60,45
181,"ampharos",14,615,230,"electric",NA,75,85,90,115,90,55
182,"bellossom",4,58,221,"grass",NA,80,95,75,90,100,50
183,"marill",4,85,88,"water","fairy",20,50,70,20,50,40
184,"azumarill",8,285,189,"water","fairy",50,80,100,60,80,50
185,"sudowoodo",12,380,144,"rock",NA,100,115,70,30,65,30
186,"politoed",11,339,225,"water",NA,75,75,90,90,100,70
187,"hoppip",4,5,50,"grass","flying",35,40,35,35,55,50
188,"skiploom",6,10,119,"grass","flying",45,50,55,45,65,80
189,"jumpluff",8,30,207,"grass","flying",55,70,75,55,95,110
190,"aipom",8,115,72,"normal",NA,70,55,55,40,55,85
191,"sunkern",3,18,36,"grass",NA,30,30,30,30,30,30
192,"sunflora",8,85,149,"grass",NA,75,55,75,105,85,30
193,"yanma",12,380,78,"bug","flying",65,45,65,75,45,95
194,"wooper",4,85,42,"water","ground",45,45,55,25,25,15
195,"quagsire",14,750,151,"water","ground",85,85,95,65,65,35
196,"espeon",9,265,184,"psychic",NA,65,60,65,130,95,110
197,"umbreon",10,270,184,"dark",NA,65,110,95,60,130,65
198,"murkrow",5,21,81,"dark","flying",85,42,60,85,42,91
199,"slowking",20,795,172,"water","psychic",75,80,95,100,110,30
200,"misdreavus",7,10,87,"ghost",NA,60,60,60,85,85,85
201,"unown",5,50,118,"psychic",NA,72,48,48,72,48,48
202,"wobbuffet",13,285,142,"psychic",NA,33,58,190,33,58,33
203,"girafarig",15,415,159,"normal","psychic",80,65,70,90,65,85
204,"pineco",6,72,58,"bug",NA,65,90,50,35,35,15
205,"forretress",12,1258,163,"bug","steel",90,140,75,60,60,40
206,"dunsparce",15,140,145,"normal",NA,70,70,100,65,65,45
207,"gligar",11,648,86,"ground","flying",75,105,65,35,65,85
208,"steelix",92,4000,179,"steel","ground",85,200,75,55,65,30
209,"snubbull",6,78,60,"fairy",NA,80,50,60,40,40,30
210,"granbull",14,487,158,"fairy",NA,120,75,90,60,60,45
211,"qwilfish",5,39,86,"water","poison",95,75,65,55,55,85
212,"scizor",18,1180,175,"bug","steel",130,100,70,55,80,65
213,"shuckle",6,205,177,"bug","rock",10,230,20,10,230,5
214,"heracross",15,540,175,"bug","fighting",125,75,80,40,95,85
215,"sneasel",9,280,86,"dark","ice",95,55,55,35,75,115
216,"teddiursa",6,88,66,"normal",NA,80,50,60,50,50,40
217,"ursaring",18,1258,175,"normal",NA,130,75,90,75,75,55
218,"slugma",7,350,50,"fire",NA,40,40,40,70,40,20
219,"magcargo",8,550,144,"fire","rock",50,120,50,80,80,30
220,"swinub",4,65,50,"ice","ground",50,40,50,30,30,50
221,"piloswine",11,558,158,"ice","ground",100,80,100,60,60,50
222,"corsola",6,50,133,"water","rock",55,85,55,65,85,35
223,"remoraid",6,120,60,"water",NA,65,35,35,65,35,65
224,"octillery",9,285,168,"water",NA,105,75,75,105,75,45
225,"delibird",9,160,116,"ice","flying",55,45,45,65,45,75
226,"mantine",21,2200,163,"water","flying",40,70,65,80,140,70
227,"skarmory",17,505,163,"steel","flying",80,140,65,40,70,70
228,"houndour",6,108,66,"dark","fire",60,30,45,80,50,65
229,"houndoom",14,350,175,"dark","fire",90,50,75,110,80,95
230,"kingdra",18,1520,243,"water","dragon",95,95,75,95,95,85
231,"phanpy",5,335,66,"ground",NA,60,60,90,40,40,40
232,"donphan",11,1200,175,"ground",NA,120,120,90,60,60,50
233,"porygon2",6,325,180,"normal",NA,80,90,85,105,95,60
234,"stantler",14,712,163,"normal",NA,95,62,73,85,65,85
235,"smeargle",12,580,88,"normal",NA,20,35,55,20,45,75
236,"tyrogue",7,210,42,"fighting",NA,35,35,35,35,35,35
237,"hitmontop",14,480,159,"fighting",NA,95,95,50,35,110,70
238,"smoochum",4,60,61,"ice","psychic",30,15,45,85,65,65
239,"elekid",6,235,72,"electric",NA,63,37,45,65,55,95
240,"magby",7,214,73,"fire",NA,75,37,45,70,55,83
241,"miltank",12,755,172,"normal",NA,80,105,95,40,70,100
242,"blissey",15,468,608,"normal",NA,10,10,255,75,135,55
243,"raikou",19,1780,261,"electric",NA,85,75,90,115,100,115
244,"entei",21,1980,261,"fire",NA,115,85,115,90,75,100
245,"suicune",20,1870,261,"water",NA,75,115,100,90,115,85
246,"larvitar",6,720,60,"rock","ground",64,50,50,45,50,41
247,"pupitar",12,1520,144,"rock","ground",84,70,70,65,70,51
248,"tyranitar",20,2020,270,"rock","dark",134,110,100,95,100,61
249,"lugia",52,2160,306,"psychic","flying",90,130,106,90,154,110
250,"ho-oh",38,1990,306,"fire","flying",130,90,106,110,154,90
251,"celebi",6,50,270,"psychic","grass",100,100,100,100,100,100
252,"treecko",5,50,62,"grass",NA,45,35,40,65,55,70
253,"grovyle",9,216,142,"grass",NA,65,45,50,85,65,95
254,"sceptile",17,522,239,"grass",NA,85,65,70,105,85,120
255,"torchic",4,25,62,"fire",NA,60,40,45,70,50,45
256,"combusken",9,195,142,"fire","fighting",85,60,60,85,60,55
257,"blaziken",19,520,239,"fire","fighting",120,70,80,110,70,80
258,"mudkip",4,76,62,"water",NA,70,50,50,50,50,40
259,"marshtomp",7,280,142,"water","ground",85,70,70,60,70,50
260,"swampert",15,819,241,"water","ground",110,90,100,85,90,60
261,"poochyena",5,136,44,"dark",NA,55,35,35,30,30,35
262,"mightyena",10,370,147,"dark",NA,90,70,70,60,60,70
263,"zigzagoon",4,175,48,"normal",NA,30,41,38,30,41,60
264,"linoone",5,325,147,"normal",NA,70,61,78,50,61,100
265,"wurmple",3,36,39,"bug",NA,45,35,45,20,30,20
266,"silcoon",6,100,72,"bug",NA,35,55,50,25,25,15
267,"beautifly",10,284,178,"bug","flying",70,50,60,100,50,65
268,"cascoon",7,115,41,"bug",NA,35,55,50,25,25,15
269,"dustox",12,316,135,"bug","poison",50,70,60,50,90,65
270,"lotad",5,26,44,"water","grass",30,30,40,40,50,30
271,"lombre",12,325,119,"water","grass",50,50,60,60,70,50
272,"ludicolo",15,550,216,"water","grass",70,70,80,90,100,70
273,"seedot",5,40,44,"grass",NA,40,50,40,30,30,30
274,"nuzleaf",10,280,119,"grass","dark",70,40,70,60,40,60
275,"shiftry",13,596,216,"grass","dark",100,60,90,90,60,80
276,"taillow",3,23,54,"normal","flying",55,30,40,30,30,85
277,"swellow",7,198,151,"normal","flying",85,60,60,50,50,125
278,"wingull",6,95,54,"water","flying",30,30,40,55,30,85
279,"pelipper",12,280,151,"water","flying",50,100,60,85,70,65
280,"ralts",4,66,40,"psychic","fairy",25,25,28,45,35,40
281,"kirlia",8,202,97,"psychic","fairy",35,35,38,65,55,50
282,"gardevoir",16,484,233,"psychic","fairy",65,65,68,125,115,80
283,"surskit",5,17,54,"bug","water",30,32,40,50,52,65
284,"masquerain",8,36,145,"bug","flying",60,62,70,80,82,60
285,"shroomish",4,45,59,"grass",NA,40,60,60,40,60,35
286,"breloom",12,392,161,"grass","fighting",130,80,60,60,60,70
287,"slakoth",8,240,56,"normal",NA,60,60,60,35,35,30
288,"vigoroth",14,465,154,"normal",NA,80,80,80,55,55,90
289,"slaking",20,1305,252,"normal",NA,160,100,150,95,65,100
290,"nincada",5,55,53,"bug","ground",45,90,31,30,30,40
291,"ninjask",8,120,160,"bug","flying",90,45,61,50,50,160
292,"shedinja",8,12,83,"bug","ghost",90,45,1,30,30,40
293,"whismur",6,163,48,"normal",NA,51,23,64,51,23,28
294,"loudred",10,405,126,"normal",NA,71,43,84,71,43,48
295,"exploud",15,840,221,"normal",NA,91,63,104,91,73,68
296,"makuhita",10,864,47,"fighting",NA,60,30,72,20,30,25
297,"hariyama",23,2538,166,"fighting",NA,120,60,144,40,60,50
298,"azurill",2,20,38,"normal","fairy",20,40,50,20,40,20
299,"nosepass",10,970,75,"rock",NA,45,135,30,45,90,30
300,"skitty",6,110,52,"normal",NA,45,45,50,35,35,50
301,"delcatty",11,326,133,"normal",NA,65,65,70,55,55,70
302,"sableye",5,110,133,"dark","ghost",75,75,50,65,65,50
303,"mawile",6,115,133,"steel","fairy",85,85,50,55,55,50
304,"aron",4,600,66,"steel","rock",70,100,50,40,40,30
305,"lairon",9,1200,151,"steel","rock",90,140,60,50,50,40
306,"aggron",21,3600,239,"steel","rock",110,180,70,60,60,50
307,"meditite",6,112,56,"fighting","psychic",40,55,30,40,55,60
308,"medicham",13,315,144,"fighting","psychic",60,75,60,60,75,80
309,"electrike",6,152,59,"electric",NA,45,40,40,65,40,65
310,"manectric",15,402,166,"electric",NA,75,60,70,105,60,105
311,"plusle",4,42,142,"electric",NA,50,40,60,85,75,95
312,"minun",4,42,142,"electric",NA,40,50,60,75,85,95
313,"volbeat",7,177,140,"bug",NA,73,55,65,47,75,85
314,"illumise",6,177,140,"bug",NA,47,55,65,73,75,85
315,"roselia",3,20,140,"grass","poison",60,45,50,100,80,65
316,"gulpin",4,103,60,"poison",NA,43,53,70,43,53,40
317,"swalot",17,800,163,"poison",NA,73,83,100,73,83,55
318,"carvanha",8,208,61,"water","dark",90,20,45,65,20,65
319,"sharpedo",18,888,161,"water","dark",120,40,70,95,40,95
320,"wailmer",20,1300,80,"water",NA,70,35,130,70,35,60
321,"wailord",145,3980,175,"water",NA,90,45,170,90,45,60
322,"numel",7,240,61,"fire","ground",60,40,60,65,45,35
323,"camerupt",19,2200,161,"fire","ground",100,70,70,105,75,40
324,"torkoal",5,804,165,"fire",NA,85,140,70,85,70,20
325,"spoink",7,306,66,"psychic",NA,25,35,60,70,80,60
326,"grumpig",9,715,165,"psychic",NA,45,65,80,90,110,80
327,"spinda",11,50,126,"normal",NA,60,60,60,60,60,60
328,"trapinch",7,150,58,"ground",NA,100,45,45,45,45,10
329,"vibrava",11,153,119,"ground","dragon",70,50,50,50,50,70
330,"flygon",20,820,234,"ground","dragon",100,80,80,80,80,100
331,"cacnea",4,513,67,"grass",NA,85,40,50,85,40,35
332,"cacturne",13,774,166,"grass","dark",115,60,70,115,60,55
333,"swablu",4,12,62,"normal","flying",40,60,45,40,75,50
334,"altaria",11,206,172,"dragon","flying",70,90,75,70,105,80
335,"zangoose",13,403,160,"normal",NA,115,60,73,60,60,90
336,"seviper",27,525,160,"poison",NA,100,60,73,100,60,65
337,"lunatone",10,1680,154,"rock","psychic",55,65,70,95,85,70
338,"solrock",12,1540,154,"rock","psychic",95,85,70,55,65,70
339,"barboach",4,19,58,"water","ground",48,43,50,46,41,60
340,"whiscash",9,236,164,"water","ground",78,73,110,76,71,60
341,"corphish",6,115,62,"water",NA,80,65,43,50,35,35
342,"crawdaunt",11,328,164,"water","dark",120,85,63,90,55,55
343,"baltoy",5,215,60,"ground","psychic",40,55,40,40,70,55
344,"claydol",15,1080,175,"ground","psychic",70,105,60,70,120,75
345,"lileep",10,238,71,"rock","grass",41,77,66,61,87,23
346,"cradily",15,604,173,"rock","grass",81,97,86,81,107,43
347,"anorith",7,125,71,"rock","bug",95,50,45,40,50,75
348,"armaldo",15,682,173,"rock","bug",125,100,75,70,80,45
349,"feebas",6,74,40,"water",NA,15,20,20,10,55,80
350,"milotic",62,1620,189,"water",NA,60,79,95,100,125,81
351,"castform",3,8,147,"normal",NA,70,70,70,70,70,70
352,"kecleon",10,220,154,"normal",NA,90,70,60,60,120,40
353,"shuppet",6,23,59,"ghost",NA,75,35,44,63,33,45
354,"banette",11,125,159,"ghost",NA,115,65,64,83,63,65
355,"duskull",8,150,59,"ghost",NA,40,90,20,30,90,25
356,"dusclops",16,306,159,"ghost",NA,70,130,40,60,130,25
357,"tropius",20,1000,161,"grass","flying",68,83,99,72,87,51
358,"chimecho",6,10,149,"psychic",NA,50,70,65,95,80,65
359,"absol",12,470,163,"dark",NA,130,60,65,75,60,75
360,"wynaut",6,140,52,"psychic",NA,23,48,95,23,48,23
361,"snorunt",7,168,60,"ice",NA,50,50,50,50,50,50
362,"glalie",15,2565,168,"ice",NA,80,80,80,80,80,80
363,"spheal",8,395,58,"ice","water",40,50,70,55,50,25
364,"sealeo",11,876,144,"ice","water",60,70,90,75,70,45
365,"walrein",14,1506,239,"ice","water",80,90,110,95,90,65
366,"clamperl",4,525,69,"water",NA,64,85,35,74,55,32
367,"huntail",17,270,170,"water",NA,104,105,55,94,75,52
368,"gorebyss",18,226,170,"water",NA,84,105,55,114,75,52
369,"relicanth",10,234,170,"water","rock",90,130,100,45,65,55
370,"luvdisc",6,87,116,"water",NA,30,55,43,40,65,97
371,"bagon",6,421,60,"dragon",NA,75,60,45,40,30,50
372,"shelgon",11,1105,147,"dragon",NA,95,100,65,60,50,50
373,"salamence",15,1026,270,"dragon","flying",135,80,95,110,80,100
374,"beldum",6,952,60,"steel","psychic",55,80,40,35,60,30
375,"metang",12,2025,147,"steel","psychic",75,100,60,55,80,50
376,"metagross",16,5500,270,"steel","psychic",135,130,80,95,90,70
377,"regirock",17,2300,261,"rock",NA,100,200,80,50,100,50
378,"regice",18,1750,261,"ice",NA,50,100,80,100,200,50
379,"registeel",19,2050,261,"steel",NA,75,150,80,75,150,50
380,"latias",14,400,270,"dragon","psychic",80,90,80,110,130,110
381,"latios",20,600,270,"dragon","psychic",90,80,80,130,110,110
382,"kyogre",45,3520,302,"water",NA,100,90,100,150,140,90
383,"groudon",35,9500,302,"ground",NA,150,140,100,100,90,90
384,"rayquaza",70,2065,306,"dragon","flying",150,90,105,150,90,95
385,"jirachi",3,11,270,"steel","psychic",100,100,100,100,100,100
386,"deoxys-normal",17,608,270,"psychic",NA,150,50,50,150,50,150
387,"turtwig",4,102,64,"grass",NA,68,64,55,45,55,31
388,"grotle",11,970,142,"grass",NA,89,85,75,55,65,36
389,"torterra",22,3100,236,"grass","ground",109,105,95,75,85,56
390,"chimchar",5,62,62,"fire",NA,58,44,44,58,44,61
391,"monferno",9,220,142,"fire","fighting",78,52,64,78,52,81
392,"infernape",12,550,240,"fire","fighting",104,71,76,104,71,108
393,"piplup",4,52,63,"water",NA,51,53,53,61,56,40
394,"prinplup",8,230,142,"water",NA,66,68,64,81,76,50
395,"empoleon",17,845,239,"water","steel",86,88,84,111,101,60
396,"starly",3,20,49,"normal","flying",55,30,40,30,30,60
397,"staravia",6,155,119,"normal","flying",75,50,55,40,40,80
398,"staraptor",12,249,218,"normal","flying",120,70,85,50,60,100
399,"bidoof",5,200,50,"normal",NA,45,40,59,35,40,31
400,"bibarel",10,315,144,"normal","water",85,60,79,55,60,71
401,"kricketot",3,22,39,"bug",NA,25,41,37,25,41,25
402,"kricketune",10,255,134,"bug",NA,85,51,77,55,51,65
403,"shinx",5,95,53,"electric",NA,65,34,45,40,34,45
404,"luxio",9,305,127,"electric",NA,85,49,60,60,49,60
405,"luxray",14,420,235,"electric",NA,120,79,80,95,79,70
406,"budew",2,12,56,"grass","poison",30,35,40,50,70,55
407,"roserade",9,145,232,"grass","poison",70,65,60,125,105,90
408,"cranidos",9,315,70,"rock",NA,125,40,67,30,30,58
409,"rampardos",16,1025,173,"rock",NA,165,60,97,65,50,58
410,"shieldon",5,570,70,"rock","steel",42,118,30,42,88,30
411,"bastiodon",13,1495,173,"rock","steel",52,168,60,47,138,30
412,"burmy",2,34,45,"bug",NA,29,45,40,29,45,36
413,"wormadam-plant",5,65,148,"bug","grass",59,85,60,79,105,36
414,"mothim",9,233,148,"bug","flying",94,50,70,94,50,66
415,"combee",3,55,49,"bug","flying",30,42,30,30,42,70
416,"vespiquen",12,385,166,"bug","flying",80,102,70,80,102,40
417,"pachirisu",4,39,142,"electric",NA,45,70,60,45,90,95
418,"buizel",7,295,66,"water",NA,65,35,55,60,30,85
419,"floatzel",11,335,173,"water",NA,105,55,85,85,50,115
420,"cherubi",4,33,55,"grass",NA,35,45,45,62,53,35
421,"cherrim",5,93,158,"grass",NA,60,70,70,87,78,85
422,"shellos",3,63,65,"water",NA,48,48,76,57,62,34
423,"gastrodon",9,299,166,"water","ground",83,68,111,92,82,39
424,"ambipom",12,203,169,"normal",NA,100,66,75,60,66,115
425,"drifloon",4,12,70,"ghost","flying",50,34,90,60,44,70
426,"drifblim",12,150,174,"ghost","flying",80,44,150,90,54,80
427,"buneary",4,55,70,"normal",NA,66,44,55,44,56,85
428,"lopunny",12,333,168,"normal",NA,76,84,65,54,96,105
429,"mismagius",9,44,173,"ghost",NA,60,60,60,105,105,105
430,"honchkrow",9,273,177,"dark","flying",125,52,100,105,52,71
431,"glameow",5,39,62,"normal",NA,55,42,49,42,37,85
432,"purugly",10,438,158,"normal",NA,82,64,71,64,59,112
433,"chingling",2,6,57,"psychic",NA,30,50,45,65,50,45
434,"stunky",4,192,66,"poison","dark",63,47,63,41,41,74
435,"skuntank",10,380,168,"poison","dark",93,67,103,71,61,84
436,"bronzor",5,605,60,"steel","psychic",24,86,57,24,86,23
437,"bronzong",13,1870,175,"steel","psychic",89,116,67,79,116,33
438,"bonsly",5,150,58,"rock",NA,80,95,50,10,45,10
439,"mime-jr",6,130,62,"psychic","fairy",25,45,20,70,90,60
440,"happiny",6,244,110,"normal",NA,5,5,100,15,65,30
441,"chatot",5,19,144,"normal","flying",65,45,76,92,42,91
442,"spiritomb",10,1080,170,"ghost","dark",92,108,50,92,108,35
443,"gible",7,205,60,"dragon","ground",70,45,58,40,45,42
444,"gabite",14,560,144,"dragon","ground",90,65,68,50,55,82
445,"garchomp",19,950,270,"dragon","ground",130,95,108,80,85,102
446,"munchlax",6,1050,78,"normal",NA,85,40,135,40,85,5
447,"riolu",7,202,57,"fighting",NA,70,40,40,35,40,60
448,"lucario",12,540,184,"fighting","steel",110,70,70,115,70,90
449,"hippopotas",8,495,66,"ground",NA,72,78,68,38,42,32
450,"hippowdon",20,3000,184,"ground",NA,112,118,108,68,72,47
451,"skorupi",8,120,66,"poison","bug",50,90,40,30,55,65
452,"drapion",13,615,175,"poison","dark",90,110,70,60,75,95
453,"croagunk",7,230,60,"poison","fighting",61,40,48,61,40,50
454,"toxicroak",13,444,172,"poison","fighting",106,65,83,86,65,85
455,"carnivine",14,270,159,"grass",NA,100,72,74,90,72,46
456,"finneon",4,70,66,"water",NA,49,56,49,49,61,66
457,"lumineon",12,240,161,"water",NA,69,76,69,69,86,91
458,"mantyke",10,650,69,"water","flying",20,50,45,60,120,50
459,"snover",10,505,67,"grass","ice",62,50,60,62,60,40
460,"abomasnow",22,1355,173,"grass","ice",92,75,90,92,85,60
461,"weavile",11,340,179,"dark","ice",120,65,70,45,85,125
462,"magnezone",12,1800,241,"electric","steel",70,115,70,130,90,60
463,"lickilicky",17,1400,180,"normal",NA,85,95,110,80,95,50
464,"rhyperior",24,2828,241,"ground","rock",140,130,115,55,55,40
465,"tangrowth",20,1286,187,"grass",NA,100,125,100,110,50,50
466,"electivire",18,1386,243,"electric",NA,123,67,75,95,85,95
467,"magmortar",16,680,243,"fire",NA,95,67,75,125,95,83
468,"togekiss",15,380,245,"fairy","flying",50,95,85,120,115,80
469,"yanmega",19,515,180,"bug","flying",76,86,86,116,56,95
470,"leafeon",10,255,184,"grass",NA,110,130,65,60,65,95
471,"glaceon",8,259,184,"ice",NA,60,110,65,130,95,65
472,"gliscor",20,425,179,"ground","flying",95,125,75,45,75,95
473,"mamoswine",25,2910,239,"ice","ground",130,80,110,70,60,80
474,"porygon-z",9,340,241,"normal",NA,80,70,85,135,75,90
475,"gallade",16,520,233,"psychic","fighting",125,65,68,65,115,80
476,"probopass",14,3400,184,"rock","steel",55,145,60,75,150,40
477,"dusknoir",22,1066,236,"ghost",NA,100,135,45,65,135,45
478,"froslass",13,266,168,"ice","ghost",80,70,70,80,70,110
479,"rotom",3,3,154,"electric","ghost",50,77,50,95,77,91
480,"uxie",3,3,261,"psychic",NA,75,130,75,75,130,95
481,"mesprit",3,3,261,"psychic",NA,105,105,80,105,105,80
482,"azelf",3,3,261,"psychic",NA,125,70,75,125,70,115
483,"dialga",54,6830,306,"steel","dragon",120,120,100,150,100,90
484,"palkia",42,3360,306,"water","dragon",120,100,90,150,120,100
485,"heatran",17,4300,270,"fire","steel",90,106,91,130,106,77
486,"regigigas",37,4200,302,"normal",NA,160,110,110,80,110,100
487,"giratina-altered",45,7500,306,"ghost","dragon",100,120,150,100,120,90
488,"cresselia",15,856,270,"psychic",NA,70,120,120,75,130,85
489,"phione",4,31,216,"water",NA,80,80,80,80,80,80
490,"manaphy",3,14,270,"water",NA,100,100,100,100,100,100
491,"darkrai",15,505,270,"dark",NA,90,90,70,135,90,125
492,"shaymin-land",2,21,270,"grass",NA,100,100,100,100,100,100
493,"arceus",32,3200,324,"normal",NA,120,120,120,120,120,120
494,"victini",4,40,270,"psychic","fire",100,100,100,100,100,100
495,"snivy",6,81,62,"grass",NA,45,55,45,45,55,63
496,"servine",8,160,145,"grass",NA,60,75,60,60,75,83
497,"serperior",33,630,238,"grass",NA,75,95,75,75,95,113
498,"tepig",5,99,62,"fire",NA,63,45,65,45,45,45
499,"pignite",10,555,146,"fire","fighting",93,55,90,70,55,55
500,"emboar",16,1500,238,"fire","fighting",123,65,110,100,65,65
501,"oshawott",5,59,62,"water",NA,55,45,55,63,45,45
502,"dewott",8,245,145,"water",NA,75,60,75,83,60,60
503,"samurott",15,946,238,"water",NA,100,85,95,108,70,70
504,"patrat",5,116,51,"normal",NA,55,39,45,35,39,42
505,"watchog",11,270,147,"normal",NA,85,69,60,60,69,77
506,"lillipup",4,41,55,"normal",NA,60,45,45,25,45,55
507,"herdier",9,147,130,"normal",NA,80,65,65,35,65,60
508,"stoutland",12,610,225,"normal",NA,110,90,85,45,90,80
509,"purrloin",4,101,56,"dark",NA,50,37,41,50,37,66
510,"liepard",11,375,156,"dark",NA,88,50,64,88,50,106
511,"pansage",6,105,63,"grass",NA,53,48,50,53,48,64
512,"simisage",11,305,174,"grass",NA,98,63,75,98,63,101
513,"pansear",6,110,63,"fire",NA,53,48,50,53,48,64
514,"simisear",10,280,174,"fire",NA,98,63,75,98,63,101
515,"panpour",6,135,63,"water",NA,53,48,50,53,48,64
516,"simipour",10,290,174,"water",NA,98,63,75,98,63,101
517,"munna",6,233,58,"psychic",NA,25,45,76,67,55,24
518,"musharna",11,605,170,"psychic",NA,55,85,116,107,95,29
519,"pidove",3,21,53,"normal","flying",55,50,50,36,30,43
520,"tranquill",6,150,125,"normal","flying",77,62,62,50,42,65
521,"unfezant",12,290,220,"normal","flying",115,80,80,65,55,93
522,"blitzle",8,298,59,"electric",NA,60,32,45,50,32,76
523,"zebstrika",16,795,174,"electric",NA,100,63,75,80,63,116
524,"roggenrola",4,180,56,"rock",NA,75,85,55,25,25,15
525,"boldore",9,1020,137,"rock",NA,105,105,70,50,40,20
526,"gigalith",17,2600,232,"rock",NA,135,130,85,60,80,25
527,"woobat",4,21,63,"psychic","flying",45,43,55,55,43,72
528,"swoobat",9,105,149,"psychic","flying",57,55,67,77,55,114
529,"drilbur",3,85,66,"ground",NA,85,40,60,30,45,68
530,"excadrill",7,404,178,"ground","steel",135,60,110,50,65,88
531,"audino",11,310,390,"normal",NA,60,86,103,60,86,50
532,"timburr",6,125,61,"fighting",NA,80,55,75,25,35,35
533,"gurdurr",12,400,142,"fighting",NA,105,85,85,40,50,40
534,"conkeldurr",14,870,227,"fighting",NA,140,95,105,55,65,45
535,"tympole",5,45,59,"water",NA,50,40,50,50,40,64
536,"palpitoad",8,170,134,"water","ground",65,55,75,65,55,69
537,"seismitoad",15,620,229,"water","ground",95,75,105,85,75,74
538,"throh",13,555,163,"fighting",NA,100,85,120,30,85,45
539,"sawk",14,510,163,"fighting",NA,125,75,75,30,75,85
540,"sewaddle",3,25,62,"bug","grass",53,70,45,40,60,42
541,"swadloon",5,73,133,"bug","grass",63,90,55,50,80,42
542,"leavanny",12,205,225,"bug","grass",103,80,75,70,80,92
543,"venipede",4,53,52,"bug","poison",45,59,30,30,39,57
544,"whirlipede",12,585,126,"bug","poison",55,99,40,40,79,47
545,"scolipede",25,2005,218,"bug","poison",100,89,60,55,69,112
546,"cottonee",3,6,56,"grass","fairy",27,60,40,37,50,66
547,"whimsicott",7,66,168,"grass","fairy",67,85,60,77,75,116
548,"petilil",5,66,56,"grass",NA,35,50,45,70,50,30
549,"lilligant",11,163,168,"grass",NA,60,75,70,110,75,90
550,"basculin-red-striped",10,180,161,"water",NA,92,65,70,80,55,98
551,"sandile",7,152,58,"ground","dark",72,35,50,35,35,65
552,"krokorok",10,334,123,"ground","dark",82,45,60,45,45,74
553,"krookodile",15,963,234,"ground","dark",117,80,95,65,70,92
554,"darumaka",6,375,63,"fire",NA,90,45,70,15,45,50
555,"darmanitan-standard",13,929,168,"fire",NA,140,55,105,30,55,95
556,"maractus",10,280,161,"grass",NA,86,67,75,106,67,60
557,"dwebble",3,145,65,"bug","rock",65,85,50,35,35,55
558,"crustle",14,2000,166,"bug","rock",95,125,70,65,75,45
559,"scraggy",6,118,70,"dark","fighting",75,70,50,35,70,48
560,"scrafty",11,300,171,"dark","fighting",90,115,65,45,115,58
561,"sigilyph",14,140,172,"psychic","flying",58,80,72,103,80,97
562,"yamask",5,15,61,"ghost",NA,30,85,38,55,65,30
563,"cofagrigus",17,765,169,"ghost",NA,50,145,58,95,105,30
564,"tirtouga",7,165,71,"water","rock",78,103,54,53,45,22
565,"carracosta",12,810,173,"water","rock",108,133,74,83,65,32
566,"archen",5,95,71,"rock","flying",112,45,55,74,45,70
567,"archeops",14,320,177,"rock","flying",140,65,75,112,65,110
568,"trubbish",6,310,66,"poison",NA,50,62,50,40,62,65
569,"garbodor",19,1073,166,"poison",NA,95,82,80,60,82,75
570,"zorua",7,125,66,"dark",NA,65,40,40,80,40,65
571,"zoroark",16,811,179,"dark",NA,105,60,60,120,60,105
572,"minccino",4,58,60,"normal",NA,50,40,55,40,40,75
573,"cinccino",5,75,165,"normal",NA,95,60,75,65,60,115
574,"gothita",4,58,58,"psychic",NA,30,50,45,55,65,45
575,"gothorita",7,180,137,"psychic",NA,45,70,60,75,85,55
576,"gothitelle",15,440,221,"psychic",NA,55,95,70,95,110,65
577,"solosis",3,10,58,"psychic",NA,30,40,45,105,50,20
578,"duosion",6,80,130,"psychic",NA,40,50,65,125,60,30
579,"reuniclus",10,201,221,"psychic",NA,65,75,110,125,85,30
580,"ducklett",5,55,61,"water","flying",44,50,62,44,50,55
581,"swanna",13,242,166,"water","flying",87,63,75,87,63,98
582,"vanillite",4,57,61,"ice",NA,50,50,36,65,60,44
583,"vanillish",11,410,138,"ice",NA,65,65,51,80,75,59
584,"vanilluxe",13,575,241,"ice",NA,95,85,71,110,95,79
585,"deerling",6,195,67,"normal","grass",60,50,60,40,50,75
586,"sawsbuck",19,925,166,"normal","grass",100,70,80,60,70,95
587,"emolga",4,50,150,"electric","flying",75,60,55,75,60,103
588,"karrablast",5,59,63,"bug",NA,75,45,50,40,45,60
589,"escavalier",10,330,173,"bug","steel",135,105,70,60,105,20
590,"foongus",2,10,59,"grass","poison",55,45,69,55,55,15
591,"amoonguss",6,105,162,"grass","poison",85,70,114,85,80,30
592,"frillish",12,330,67,"water","ghost",40,50,55,65,85,40
593,"jellicent",22,1350,168,"water","ghost",60,70,100,85,105,60
594,"alomomola",12,316,165,"water",NA,75,80,165,40,45,65
595,"joltik",1,6,64,"bug","electric",47,50,50,57,50,65
596,"galvantula",8,143,165,"bug","electric",77,60,70,97,60,108
597,"ferroseed",6,188,61,"grass","steel",50,91,44,24,86,10
598,"ferrothorn",10,1100,171,"grass","steel",94,131,74,54,116,20
599,"klink",3,210,60,"steel",NA,55,70,40,45,60,30
600,"klang",6,510,154,"steel",NA,80,95,60,70,85,50
601,"klinklang",6,810,234,"steel",NA,100,115,60,70,85,90
602,"tynamo",2,3,55,"electric",NA,55,40,35,45,40,60
603,"eelektrik",12,220,142,"electric",NA,85,70,65,75,70,40
604,"eelektross",21,805,232,"electric",NA,115,80,85,105,80,50
605,"elgyem",5,90,67,"psychic",NA,55,55,55,85,55,30
606,"beheeyem",10,345,170,"psychic",NA,75,75,75,125,95,40
607,"litwick",3,31,55,"ghost","fire",30,55,50,65,55,20
608,"lampent",6,130,130,"ghost","fire",40,60,60,95,60,55
609,"chandelure",10,343,234,"ghost","fire",55,90,60,145,90,80
610,"axew",6,180,64,"dragon",NA,87,60,46,30,40,57
611,"fraxure",10,360,144,"dragon",NA,117,70,66,40,50,67
612,"haxorus",18,1055,243,"dragon",NA,147,90,76,60,70,97
613,"cubchoo",5,85,61,"ice",NA,70,40,55,60,40,40
614,"beartic",26,2600,170,"ice",NA,110,80,95,70,80,50
615,"cryogonal",11,1480,170,"ice",NA,50,30,70,95,135,105
616,"shelmet",4,77,61,"bug",NA,40,85,50,40,65,25
617,"accelgor",8,253,173,"bug",NA,70,40,80,100,60,145
618,"stunfisk",7,110,165,"ground","electric",66,84,109,81,99,32
619,"mienfoo",9,200,70,"fighting",NA,85,50,45,55,50,65
620,"mienshao",14,355,179,"fighting",NA,125,60,65,95,60,105
621,"druddigon",16,1390,170,"dragon",NA,120,90,77,60,90,48
622,"golett",10,920,61,"ground","ghost",74,50,59,35,50,35
623,"golurk",28,3300,169,"ground","ghost",124,80,89,55,80,55
624,"pawniard",5,102,68,"dark","steel",85,70,45,40,40,60
625,"bisharp",16,700,172,"dark","steel",125,100,65,60,70,70
626,"bouffalant",16,946,172,"normal",NA,110,95,95,40,95,55
627,"rufflet",5,105,70,"normal","flying",83,50,70,37,50,60
628,"braviary",15,410,179,"normal","flying",123,75,100,57,75,80
629,"vullaby",5,90,74,"dark","flying",55,75,70,45,65,60
630,"mandibuzz",12,395,179,"dark","flying",65,105,110,55,95,80
631,"heatmor",14,580,169,"fire",NA,97,66,85,105,66,65
632,"durant",3,330,169,"bug","steel",109,112,58,48,48,109
633,"deino",8,173,60,"dark","dragon",65,50,52,45,50,38
634,"zweilous",14,500,147,"dark","dragon",85,70,72,65,70,58
635,"hydreigon",18,1600,270,"dark","dragon",105,90,92,125,90,98
636,"larvesta",11,288,72,"bug","fire",85,55,55,50,55,60
637,"volcarona",16,460,248,"bug","fire",60,65,85,135,105,100
638,"cobalion",21,2500,261,"steel","fighting",90,129,91,90,72,108
639,"terrakion",19,2600,261,"rock","fighting",129,90,91,72,90,108
640,"virizion",20,2000,261,"grass","fighting",90,72,91,90,129,108
641,"tornadus-incarnate",15,630,261,"flying",NA,115,70,79,125,80,111
642,"thundurus-incarnate",15,610,261,"electric","flying",115,70,79,125,80,111
643,"reshiram",32,3300,306,"dragon","fire",120,100,100,150,120,90
644,"zekrom",29,3450,306,"dragon","electric",150,120,100,120,100,90
645,"landorus-incarnate",15,680,270,"ground","flying",125,90,89,115,80,101
646,"kyurem",30,3250,297,"dragon","ice",130,90,125,130,90,95
647,"keldeo-ordinary",14,485,261,"water","fighting",72,90,91,129,90,108
648,"meloetta-aria",6,65,270,"normal","psychic",77,77,100,128,128,90
649,"genesect",15,825,270,"bug","steel",120,95,71,120,95,99
650,"chespin",4,90,63,"grass",NA,61,65,56,48,45,38
651,"quilladin",7,290,142,"grass",NA,78,95,61,56,58,57
652,"chesnaught",16,900,239,"grass","fighting",107,122,88,74,75,64
653,"fennekin",4,94,61,"fire",NA,45,40,40,62,60,60
654,"braixen",10,145,143,"fire",NA,59,58,59,90,70,73
655,"delphox",15,390,240,"fire","psychic",69,72,75,114,100,104
656,"froakie",3,70,63,"water",NA,56,40,41,62,44,71
657,"frogadier",6,109,142,"water",NA,63,52,54,83,56,97
658,"greninja",15,400,239,"water","dark",95,67,72,103,71,122
659,"bunnelby",4,50,47,"normal",NA,36,38,38,32,36,57
660,"diggersby",10,424,148,"normal","ground",56,77,85,50,77,78
661,"fletchling",3,17,56,"normal","flying",50,43,45,40,38,62
662,"fletchinder",7,160,134,"fire","flying",73,55,62,56,52,84
663,"talonflame",12,245,175,"fire","flying",81,71,78,74,69,126
664,"scatterbug",3,25,40,"bug",NA,35,40,38,27,25,35
665,"spewpa",3,84,75,"bug",NA,22,60,45,27,30,29
666,"vivillon",12,170,185,"bug","flying",52,50,80,90,50,89
667,"litleo",6,135,74,"fire","normal",50,58,62,73,54,72
668,"pyroar",15,815,177,"fire","normal",68,72,86,109,66,106
669,"flabebe",1,1,61,"fairy",NA,38,39,44,61,79,42
670,"floette",2,9,130,"fairy",NA,45,47,54,75,98,52
671,"florges",11,100,248,"fairy",NA,65,68,78,112,154,75
672,"skiddo",9,310,70,"grass",NA,65,48,66,62,57,52
673,"gogoat",17,910,186,"grass",NA,100,62,123,97,81,68
674,"pancham",6,80,70,"fighting",NA,82,62,67,46,48,43
675,"pangoro",21,1360,173,"fighting","dark",124,78,95,69,71,58
676,"furfrou",12,280,165,"normal",NA,80,60,75,65,90,102
677,"espurr",3,35,71,"psychic",NA,48,54,62,63,60,68
678,"meowstic-male",6,85,163,"psychic",NA,48,76,74,83,81,104
679,"honedge",8,20,65,"steel","ghost",80,100,45,35,37,28
680,"doublade",8,45,157,"steel","ghost",110,150,59,45,49,35
681,"aegislash-shield",17,530,234,"steel","ghost",50,150,60,50,150,60
682,"spritzee",2,5,68,"fairy",NA,52,60,78,63,65,23
683,"aromatisse",8,155,162,"fairy",NA,72,72,101,99,89,29
684,"swirlix",4,35,68,"fairy",NA,48,66,62,59,57,49
685,"slurpuff",8,50,168,"fairy",NA,80,86,82,85,75,72
686,"inkay",4,35,58,"dark","psychic",54,53,53,37,46,45
687,"malamar",15,470,169,"dark","psychic",92,88,86,68,75,73
688,"binacle",5,310,61,"rock","water",52,67,42,39,56,50
689,"barbaracle",13,960,175,"rock","water",105,115,72,54,86,68
690,"skrelp",5,73,64,"poison","water",60,60,50,60,60,30
691,"dragalge",18,815,173,"poison","dragon",75,90,65,97,123,44
692,"clauncher",5,83,66,"water",NA,53,62,50,58,63,44
693,"clawitzer",13,353,100,"water",NA,73,88,71,120,89,59
694,"helioptile",5,60,58,"electric","normal",38,33,44,61,43,70
695,"heliolisk",10,210,168,"electric","normal",55,52,62,109,94,109
696,"tyrunt",8,260,72,"rock","dragon",89,77,58,45,45,48
697,"tyrantrum",25,2700,182,"rock","dragon",121,119,82,69,59,71
698,"amaura",13,252,72,"rock","ice",59,50,77,67,63,46
699,"aurorus",27,2250,104,"rock","ice",77,72,123,99,92,58
700,"sylveon",10,235,184,"fairy",NA,65,65,95,110,130,60
701,"hawlucha",8,215,175,"fighting","flying",92,75,78,74,63,118
702,"dedenne",2,22,151,"electric","fairy",58,57,67,81,67,101
703,"carbink",3,57,100,"rock","fairy",50,150,50,50,150,50
704,"goomy",3,28,60,"dragon",NA,50,35,45,55,75,40
705,"sliggoo",8,175,158,"dragon",NA,75,53,68,83,113,60
706,"goodra",20,1505,270,"dragon",NA,100,70,90,110,150,80
707,"klefki",2,30,165,"steel","fairy",80,91,57,80,87,75
708,"phantump",4,70,62,"ghost","grass",70,48,43,50,60,38
709,"trevenant",15,710,166,"ghost","grass",110,76,85,65,82,56
710,"pumpkaboo-average",4,50,67,"ghost","grass",66,70,49,44,55,51
711,"gourgeist-average",9,125,173,"ghost","grass",90,122,65,58,75,84
712,"bergmite",10,995,61,"ice",NA,69,85,55,32,35,28
713,"avalugg",20,5050,180,"ice",NA,117,184,95,44,46,28
714,"noibat",5,80,49,"flying","dragon",30,35,40,45,40,55
715,"noivern",15,850,187,"flying","dragon",70,80,85,97,80,123
716,"xerneas",30,2150,306,"fairy",NA,131,95,126,131,98,99
717,"yveltal",58,2030,306,"dark","flying",131,95,126,131,98,99
718,"zygarde",50,3050,270,"dragon","ground",100,121,108,81,95,95
719,"diancie",7,88,270,"rock","fairy",100,150,50,100,150,50
720,"hoopa",5,90,270,"psychic","ghost",110,60,80,150,130,70
721,"volcanion",17,1950,270,"fire","water",110,120,80,130,90,70
